lowerBound(inclusive),upperBound(exclusive),probability
0,10,9.9890120867e-05
10,20,9.9890120867e-05
20,30,0.00109879132954
30,40,0.00609329737289
40,50,0.027070222755
50,60,0.0640295674758
60,70,0.139946059335
70,80,0.230846069324
80,90,0.310758166017
90,100,0.21885925482
100,100,0.00109879132954